#{"t_start": 1588551217.0156155, "env_id": "binary-narrow-v0"}
r,l,t
14,105,1.778438
34,98,2.401253
-37,98,2.866567
0,141,3.584315
